3.728416585765733093e-01,3.143506969565785791e-01
9.925594473845962273e-01,-3.421770640793928564e-01
6.833351029812430033e-01,-4.370376742972750250e-01
1.209987803143192986e+00,8.210363053262592636e-02
9.999039211470867050e-01,3.511503516569010053e-01
3.040672788938009741e-01,-1.230296638008624432e-01
7.279508508555952995e-01,7.692227174153847269e-01
9.835887861093386419e-01,2.957275817357811754e-01
1.108305763876464400e+00,-3.050895762502248143e-02
4.073069408920008128e-01,-1.726119708893592009e-01
1.224956935640344025e+00,-2.509151741586089779e-01
7.655465165848914788e-01,3.664795318144666858e-01
5.243819409305195967e-01,-9.828440851260089595e-02
1.457990032418549742e+00,-7.045153654246907315e-01
3.529350803097047740e-01,-1.631291914713097757e-01
1.644654780005945227e+00,3.807926491712572137e-01
1.309399240195593395e+00,-5.080132312744001233e-01
9.633865304385229589e-01,-5.192771901640119703e-01
2.667413273261788897e-01,5.048219814694143714e-02
8.351879665695970401e-01,5.092413935498574240e-02
1.218697620292368500e+00,2.150415336821136503e-01
1.538369647061933243e+00,5.590908705244632682e-01
1.176645991164138261e+00,3.591285197770164306e-01
8.465611318761778747e-01,1.776376170841326152e-01
9.210390801172053665e-01,3.559094121123544952e-01
1.559942990279926889e+00,-2.832657378349149324e-01
7.770359642601949446e-01,-2.211381510042974563e-01
3.477363979327107169e-01,-4.347788305936710618e-01
9.140088352748841904e-01,-3.300575257778730620e-01
1.747688689014561536e+00,2.095617981671804575e-01
8.196592940092267687e-01,-6.526320960878797539e-01
5.395820750336135507e-01,-1.060781237127548238e-01
3.176952048967104369e-01,-1.106195786725698849e-01
5.064533239080419857e-01,-1.010384375951001168e-02
7.360966065542796644e-01,-1.186715355266751981e-01
1.111417503193137479e+00,-3.003820432440555965e-01
1.248382623634425315e+00,-1.178379088595068458e-01
3.142283862928174076e-01,6.294226609874156164e-01
1.654270154790754344e+00,7.106560291262074003e-01
6.034575172918779096e-01,2.938681414938471015e-03
4.735930115026457110e-01,1.983247228673779006e-01
1.046244151093434382e+00,-6.150105678731269121e-01
1.266378728506444951e+00,-2.923432290874865558e-01
7.108791840398469564e-01,-1.362780608741891442e-01
1.254161828117034805e+00,5.860946526133854473e-01
6.914407795222357045e-01,-3.992714153655892995e-01
1.603257280241808358e+00,-2.714517717967301902e-02
1.571042105756851104e+00,7.768956569771281462e-01
3.567915651115267095e-01,3.117619081569489303e-02
4.756037802940594195e-01,1.806312412207482510e-01
1.297088029220830219e+00,-6.069941344154821117e-01
2.501801522334623495e-01,5.221452808109332544e-01
1.482720422540064531e+00,1.648962054574838465e-01
7.843597186979298641e-01,7.210881034634386566e-02
1.366929842131750839e+00,-2.515778659611065393e-01
3.163558102817422557e-01,-3.134067375565054991e-01
5.638966440971087124e-01,-1.327644623604774532e-01
3.562077693927979127e-01,2.900812252684745740e-01
5.197356926567788804e-01,6.007309468722799028e-01
8.266318484121750743e-01,1.667573996481785947e-02
9.873277165059306526e-01,2.709020527396357458e-01
1.624137040212888294e+00,1.374984840995405744e-01
1.190761029979042540e+00,1.998456033529597553e-01
1.309719720971922685e+00,2.795024815805198237e-01
3.731660150088150218e-01,5.477479001924117075e-01
6.801806322001351379e-01,-6.668880186680979927e-01
1.737597869429631015e+00,4.218925463093412542e-01
1.090633452466287068e+00,-4.101338007410015862e-01
1.431726150100754325e+00,-4.892432630739666499e-01
2.987236990096098777e-01,1.159311319863569611e-01
3.761143211999037339e-01,-6.468599734201806450e-01
4.138497971525132990e-01,6.165229220402232979e-01
2.729287665081628345e-01,2.035983552820299636e-01
1.632968452986000685e+00,3.574661731039276980e-01
6.304529292596774415e-01,-7.741932692879731626e-01
1.744853696697459045e+00,1.510910071120680209e-01
1.357194775813538978e+00,9.085630783086195983e-02
6.259161851741432692e-01,-5.456645693684436527e-01
1.737706953527553333e+00,-5.550871758003630418e-01
1.552800786288333068e+00,3.128472460334574823e-01
4.974970081314762926e-01,-2.899737177889978312e-01
5.279828668881227927e-01,3.071524728509114066e-01
1.270279212200973173e+00,8.701319954843533822e-02
3.674203683914052387e-01,-1.776790814029686194e-01
1.126787293590403305e+00,6.802119833823778716e-01
3.499043869735730672e-01,5.466719950603460276e-01
5.819464094033057755e-01,-2.281638933069179975e-01
1.672659929988328908e+00,-7.302536579215351820e-01
9.978574560240467406e-01,-3.123710825422441051e-01
1.110569454270847745e+00,-1.629029089312303835e-01
6.545249167904025889e-01,3.279341287221795298e-01
9.100924677413653185e-01,7.925735712544279554e-01
4.495036091088621122e-01,-2.305362148520647692e-01
1.024924465454625455e+00,4.200765020566941121e-01
3.309336891998568841e-01,1.490830664995538291e-01
3.223740528455046883e-01,3.067228779202832989e-01
1.269471609410421253e+00,-5.581960762430716594e-01
3.324724157157862847e-01,-1.617979316381494836e-01
1.031925768428665569e+00,-4.146305636422008556e-01
6.490397412358064333e-01,-2.504703775226800877e-01
5.315409145105987054e-01,2.100504671840341953e-02
1.109978335081970524e+00,2.665992802625145597e-01
6.946949460245872565e-01,-6.305464239090978751e-01
9.345735620905080143e-01,-5.905680789374708750e-01
4.584607580717411368e-01,-2.848310296507071682e-01
4.397285326798340832e-01,2.585029386659898343e-01
4.097934022824795686e-01,5.544099604331553799e-01
3.573401686507484687e-01,8.521175167474148715e-02
1.080570578051147868e+00,5.671239800392076091e-01
1.384008237231368010e+00,-1.842595019587822680e-01
1.438550308298284230e+00,-2.931393646105924233e-01
1.686767212209099087e+00,-2.331765190533143794e-01
5.025885402863132789e-01,-5.262690732718415809e-01
4.534284308332615643e-01,5.265802152030247818e-01
9.549321689652834344e-01,-2.581266465370773977e-01
1.541511288508225164e+00,8.379212047051698420e-02
1.400603910889465231e+00,1.256823489741327737e-01
1.087267162328248604e+00,3.445289503573167877e-02
4.851748984116052155e-01,-7.956990966810869592e-01
8.368938536585831534e-01,7.813526708525120323e-01
1.329018664982124731e+00,6.485465210585759088e-01
8.101190274135430247e-01,-4.677826220858808393e-01
3.086790254149930357e-01,-3.320169395321203587e-01
1.125825941609801983e+00,3.201624491597354627e-02
1.330201869539423987e+00,6.430581962570729448e-01
1.322157237463684964e+00,7.738094158587571769e-01
4.972987578020923727e-01,-3.879326973534670819e-01
7.539873841059006043e-01,1.029744686796506548e-01
8.637584384453795838e-01,4.911498946194867710e-01
8.807221190906886488e-01,-1.690079136755603395e-01
4.212377342570164940e-01,3.697168573512912282e-01
8.282972960520322836e-01,-5.422895769132562993e-01
1.009948279815743977e+00,1.611177085337438530e-01
1.315841008174557292e+00,5.853831332852235114e-01
1.104171533266149918e+00,7.736345747256889727e-01
8.573958405983486131e-01,-6.730147353951748679e-01
1.641396044131800958e+00,-1.146443604784812553e-01
1.147125349947607287e+00,-4.727314247257157209e-01
1.712186325558119560e+00,-7.898161517002433296e-02
1.551064534525209870e+00,7.642171620616644567e-02
1.260439152437671684e+00,-6.506772634082867990e-01
1.598970243137058489e+00,-3.250227592309128943e-01
1.736859517177489209e+00,6.841347842434359894e-01
5.813159004462167267e-01,1.104059702883125604e-01
1.286584779855706184e+00,-6.814080396222088609e-02
1.628168916788693465e+00,4.056415852769832409e-01
2.761002400246985733e-01,3.869794429472597219e-01
1.449233494798876531e+00,-7.222735474491699392e-01
3.841044248365114155e-01,3.339158327083935340e-01
1.624831446167820159e+00,5.427893564881338673e-01
1.168020060106230051e+00,-5.344993852688737501e-01
4.931041578498681077e-01,4.495967007999317477e-01
3.091152513565801341e-01,-3.415414132334369524e-01
1.491732225664331724e+00,-3.096483946727083825e-01
4.592379114171841747e-01,2.644183445594927573e-01
1.659312060770232744e+00,-6.217725254276548208e-01
3.862978850503753780e-01,2.637959180852709196e-01
1.506967725689848381e+00,6.205708682819561783e-01
8.852988148457648920e-01,3.140980291766501953e-01
1.559103021085170404e+00,-9.547539733534549100e-02
1.402861362673649026e+00,-9.885698499644046677e-02
1.529323423540301707e+00,4.241537523828904366e-01
9.553631386153612626e-01,1.050272019614124641e-01
1.320652475093048395e+00,-6.641533388930919157e-01
7.280013890356458184e-01,1.322737405782474784e-01
3.207599017201266944e-01,5.037499246294554478e-01
5.986001662810733759e-01,-2.606937864838240193e-01
2.520424586578804971e-01,6.841225273206232860e-01
7.945422339827710179e-01,4.011472005490686055e-01
9.907432554760506882e-01,1.185021202399431095e-01
2.791106314447138748e-01,4.026303820686694124e-01
2.615947228396701685e-01,-6.733616628188716646e-01
1.279695352648458906e+00,5.750225210889783334e-01
4.006537628077291302e-01,5.144065811208926586e-01
3.607682593393321535e-01,6.557946553763343012e-01
9.933972629575196223e-01,-5.941900839849920679e-01
1.327238964371215690e+00,-6.691518606496237309e-01
1.715747857949444732e+00,-5.785350835494563748e-01
6.930959502470335210e-01,-1.609940638355198406e-01
4.262769609731599241e-01,-1.211090222704129804e-01
3.528048760599459821e-01,9.954940596944905629e-02
5.612660448816270131e-01,-6.044103205879919338e-01
4.000819855813126935e-01,-4.777607977898066238e-01
2.550765421013905243e-01,4.986309572544345148e-01
6.776105382400685606e-01,-5.121988150920098182e-02
4.963103255027689897e-01,4.927011351737762279e-01
2.773748531426961650e-01,-7.881177943286191701e-01
7.819479751707337778e-01,8.254836157184874956e-02
1.488873680487533768e+00,6.910914369226850429e-01
7.054922729198809250e-01,1.314807346333921600e-01
1.315149604740376343e+00,-4.702468360875613484e-01
1.343102421477689878e+00,3.484120996472921394e-01
2.883346955440162507e-01,-1.936226404817317226e-01
1.692677654401038012e+00,2.694143156151356244e-01
4.585140894850163740e-01,-7.530884433699660541e-01
1.326197483955452672e+00,2.174405749621697304e-01
8.191647024287782575e-01,-7.484833040993216224e-01
1.552333814122584643e+00,3.916490482268255580e-01
1.742441542635602358e+00,-4.333919641847183701e-02
5.399844510366773598e-01,-6.051930312431141878e-01
1.479183427072192192e+00,6.821748126160953607e-02
1.008254421369113807e+00,-6.931608908399925495e-01
1.698146596424490173e+00,2.453837941648651100e-01
1.237133496149869449e+00,7.937381237885208218e-01
1.139856852469447235e+00,4.310357393183397168e-01
5.942851714048036360e-01,1.180385818541191956e-01
1.328050096466230290e+00,-6.357835852627267137e-01
6.823019305923474498e-01,3.197345196366634390e-01
1.518637919111178736e+00,2.578685877246897906e-01
1.715895488647549261e+00,-7.214445910035579557e-01
2.616894722189126443e-01,4.676788829513449652e-01
1.681949622840193781e+00,2.994654542480823523e-02
7.876904397461981233e-01,-1.186116892801294398e-01
9.824735192654644456e-01,4.610994777623449448e-01
1.636128270547043684e+00,-1.414892428658605095e-01
1.413936533057801759e+00,-3.035795919175432456e-02
6.148337321652751486e-01,-5.093938517218805639e-01
3.952790320682574299e-01,-2.858897607897141757e-01
1.511839341617360999e+00,5.528527945001100452e-01
1.370590198709849883e+00,-5.009540017172554593e-01
1.537509134764867502e+00,-1.323343025546493967e-01
8.260619925849650436e-01,7.824552118324790140e-01
9.881705659495426675e-01,-4.214403012711690488e-01
9.475279419597930630e-01,6.669317327021262454e-01
7.220825058269513264e-01,6.694359484890128886e-01
7.535085670082496412e-01,-6.539258524748771118e-01
1.327973888777324918e+00,-5.815564018317442851e-02
1.379606690090954046e+00,3.546136516459297283e-03
1.545780979764447505e+00,-2.981296799165961131e-01
1.517353057113401515e+00,-7.242567404196208480e-01
1.380906565786932827e+00,-4.133029804073635183e-01
7.491667268038586514e-01,-6.471525735114225242e-01
1.315069506734652505e+00,-4.188001508601411627e-01
1.708936738162438962e+00,4.924657380642496474e-01
1.624359872308335007e+00,6.319652606176187071e-01
1.707231589584482734e+00,-7.308433726725651614e-01
3.043112799155629489e-01,-3.168850619796496071e-01
1.167398705361213151e+00,7.689315177508602162e-01
5.730143514605900990e-01,6.320771608597652857e-02
6.198396015985079277e-01,2.020949787357699812e-01
1.516091362203363602e+00,-7.911273465489527812e-01
1.375287519687581339e+00,-2.414489049190515768e-02
7.432036284064299503e-01,7.813256553958198847e-01
1.029873045475199422e+00,-1.997031560275230877e-01
5.324948155911302106e-01,-6.447389461778221253e-01
2.557408057001658852e-01,-6.094598149048258140e-02
1.599937160468791975e+00,7.408071455876130695e-01
1.314463479089207576e+00,-2.530710182959737820e-01
1.043227670500633142e+00,4.782763731440211608e-01
3.311482938334336934e-01,4.781541299408991197e-01
8.812602661334660858e-01,-4.668027252177013864e-01
8.200628515365027127e-01,-9.061167711806117353e-02
5.073204947649450069e-01,3.449620402468878133e-01
4.842824182029416002e-01,-1.431683433377154424e-01
5.097666958406253945e-01,-4.943888714073262358e-01
1.145253393662440056e+00,7.479908908902694886e-01
4.370559277601749337e-01,2.412005863620694246e-01
6.078238849950940992e-01,5.847357624366391615e-01
1.669408271505946173e+00,-7.596122275205701158e-01
5.791926766780390867e-01,-3.729506963341844283e-01
1.395784894747728266e+00,3.313760522788533613e-03
1.147060014322800692e+00,-6.920821837919173269e-01
8.697352141704289830e-01,7.888532177516667243e-01
1.142928840246528299e+00,-4.216601660831538201e-01
4.504300448824871683e-01,-2.011325082472831260e-01
9.762818318921440142e-01,-4.575809361466460223e-01
1.708200255863102868e+00,-6.312866142312787421e-01
8.915812226625432491e-01,-4.280323430332227952e-01
6.143218666313721155e-01,-3.190237831948725122e-01
1.641260320934148087e+00,2.151076286391027104e-01
1.166161479949467283e+00,-3.500243496753464578e-01
1.341785866668117055e+00,-2.203571824374780386e-01
1.065106936853617903e+00,-7.904914500423523283e-01
2.668030150404114842e-01,-2.148493985162167608e-01
1.383550165627704720e+00,5.421757071727140165e-02
1.718045763882960042e+00,-5.407746607191505905e-01
1.324281411245519235e+00,1.558929733766000192e-01
1.463136055808160529e+00,-3.309560501965130297e-01
1.527380004341803321e+00,2.112807916827645904e-01
1.748801893876938962e+00,-7.580854315986500502e-01
6.829202484553157371e-01,6.201495367484397558e-01
9.240762884782276476e-01,-7.742101913226018262e-01
1.064239134998284042e+00,-5.968671503424618496e-01
4.786835414566154578e-01,4.434599385129636140e-01
9.714640008732762233e-01,-7.265676284765270054e-01
6.654713301892231092e-01,3.375979097528161166e-01
1.505398525803571808e+00,7.536738248162062614e-01
7.705953965842526898e-01,5.946926930276916767e-01
3.725269931695354142e-01,3.362586421131177339e-01
2.651281283809897582e-01,7.336155888346669318e-01
1.540815231315825873e+00,-1.122986593814688794e-01
1.538268570699192539e+00,5.966062629148918273e-01
1.651133058359929295e+00,-2.304677312422166446e-01
3.588182994598129727e-01,6.876218446461548339e-01
8.421379738312708696e-01,-5.619557500126343141e-01
8.922909153084197520e-01,7.040464238852377488e-01
1.541325676112752285e+00,5.323459156531402670e-01
6.421305887658037559e-01,5.536877411143426020e-01
7.033065970045686566e-01,-6.017231841216891253e-01
1.349090903781516193e+00,1.543790373467791577e-01
5.200787359522531794e-01,-7.737720305985098523e-01
1.203062254265728992e+00,3.538949856809707750e-01
1.363313852494095535e+00,-7.876199773985537167e-01
5.206801985751379203e-01,-6.642843560876262599e-01
5.829171515700430906e-01,-4.392025432799622209e-01
1.299713871921966302e+00,6.001992541971594708e-01
1.441756476333588166e+00,-2.182778912198186649e-01
1.680032240383722675e+00,6.393589634009355649e-02
7.129748460462816961e-01,1.089651421103654538e-01
1.072950376171684983e+00,-4.392586235104641301e-01
4.702191333385502547e-01,1.154348287751378876e-01
9.053427389888334398e-01,2.575228720473652366e-01
6.416810268575425802e-01,-3.228073706922728880e-01
7.732002705784677410e-01,-1.301970256319584518e-01
1.455048398134836996e+00,-7.505772072619198987e-02
1.454844586297209919e+00,6.917610584673306029e-01
1.306758518892547904e+00,1.399899959672039618e-01
4.354589627081025816e-01,7.172037945890259447e-01
6.760376181231915194e-01,8.965560602423505721e-02
1.658943733948944121e+00,8.982733585618518646e-04
9.287892265414569026e-01,-7.943484624540027017e-01
1.182767127186875600e+00,-3.057752980006056553e-02
2.774635825307820713e-01,6.839279977002428179e-01
1.027030072161399410e+00,-4.826148975572494004e-01
1.283714305258290667e+00,-7.166541849768018890e-01
3.383226742494411243e-01,-1.491537704418103294e-01
4.229267995677087888e-01,-2.041656310494207593e-01
8.025539455749477469e-01,5.714448925939898949e-01
1.666688144917648051e+00,-7.574222151040648221e-01
6.231970056176487915e-01,6.722387676144079283e-01
2.824040089617143590e-01,2.894447983919303802e-01
1.463917708648444949e+00,6.467615905027483958e-01
1.523872565773582100e+00,1.720465133130220092e-01
1.055043251421433181e+00,4.991252998977990796e-01
1.589570828341783759e+00,-2.631298023371421158e-01
5.185511119908767785e-01,-2.406940351559043734e-01
6.620029348153326776e-01,-1.762012314747322117e-01
2.806746023568880144e-01,4.076753305164533270e-01
1.125148422636087941e+00,-2.091341209141636126e-01
1.581083122685650100e+00,-4.124483096123723880e-01
1.159601888378823720e+00,7.002693708649532223e-01
3.704287305310706158e-01,6.528177338608640579e-01
1.289835315832327023e+00,-2.419242942608142988e-01
1.263910919262891008e+00,2.154209124128756425e-01
5.001163152697059022e-01,-3.618524613550788138e-01
1.493476436320813727e+00,-4.702157940582895046e-01
1.618585543271735094e+00,-2.618567536051289446e-01
8.375486286286953908e-01,-2.766401718151980660e-01
7.131461750454375359e-01,6.116417619145859685e-01
1.112010627765586790e+00,5.156861035579607400e-01
1.708775787884368791e+00,3.353971656945566870e-01
1.337444678619345684e+00,7.349523604142349509e-01
1.435093828674252503e+00,-1.239306350271069945e-01
1.402875207944064506e+00,-4.079471383109180005e-01
1.685490935908787735e+00,-6.121625004936173120e-01
1.474288299470078112e+00,-3.183146268780803201e-01
6.524713572950333607e-01,-5.675780256472739982e-01
5.969515780028569196e-01,-6.525022442106079845e-01
6.131359671767899755e-01,1.646915147310771266e-01
5.694023612339156326e-01,-2.173000803896849575e-01
5.623951122186765517e-01,1.033125481538297308e-01
1.651753566544595264e+00,-4.938628468471094601e-01
1.677493665273822376e+00,2.830493754444169952e-01
3.847816065950093734e-01,-4.551912843589443480e-01
3.461115244185362094e-01,-3.551622500095423240e-01
1.535545480757482650e+00,3.868166754318029810e-01
1.095612794243051802e+00,9.558063303153896406e-02
5.673494779370987784e-01,-2.642617394127692032e-01
9.427250288001070011e-01,6.878205207230969620e-02
3.606194485160274521e-01,3.103755245731880663e-01
1.723325025198199523e+00,6.594113943642063713e-01
4.599271479857596212e-01,1.291411414311263162e-01
1.459830002557984230e+00,-4.277017937713905593e-01
1.687269727757286120e+00,3.947162092423943669e-01
1.316516669038353182e+00,4.444304280875319701e-01
3.828264614918469033e-01,-4.793578960597535965e-01
1.134977470556697732e+00,5.129187514846176299e-01
4.438247498731457408e-01,-5.610423244347761962e-02
1.550425049162460045e+00,4.476266593423123830e-01
1.259239534308828956e+00,-4.200348480187745537e-01
1.663084223549592622e+00,-2.678715684517177786e-01
4.688287853776612057e-01,7.259153908666444721e-01
9.305265369215307558e-01,2.525041170396880030e-01
1.065344685962444027e+00,4.366045288024669180e-01
4.125070451371587454e-01,3.013989491530064679e-01
1.265358537905674874e+00,-4.731134114425076809e-01
1.099653422382312229e+00,-4.689800248553177564e-02
7.720630883312675774e-01,4.943421963388561213e-01
8.693760739051963338e-01,2.800562030549949011e-01
1.444343376406006518e+00,-7.903553829547234066e-01
7.846198342104548917e-01,-6.601476117554835321e-01
1.708949717672018975e+00,-2.451284476583049932e-01
1.627276950328661265e+00,7.109848633897442038e-01
3.671291751857370667e-01,-1.409523044066640640e-02
1.528625239594824325e+00,-3.677179721114660627e-01
1.260668401717776943e+00,-2.233220488740642606e-01
3.329792454783052635e-01,-4.629557959134988909e-01
1.683049205226751388e+00,-1.260799085279797893e-01
1.500230470600430133e+00,-4.511432967208406919e-01
1.499025944884684769e+00,5.532040116846843603e-01
1.623467488167261719e+00,-6.996704153349941890e-02
1.631626451533193967e+00,-3.523167705027676622e-01
5.786192971966240828e-01,6.926266370263707284e-01
1.656043914327063105e+00,-2.970378341932852218e-01
3.218951940761813346e-01,6.555434592693409890e-01
1.572148458156217066e+00,-7.305310544475567269e-01
9.350687836264534036e-01,3.313840964282817048e-01
1.496751622549622684e+00,-2.577753754459788382e-02
6.595619478159462368e-01,-8.924630187523163727e-02
1.382294578213618452e+00,-7.418826490368295445e-01
1.457049858776858553e+00,-7.349068952137902677e-01
3.714060573755997297e-01,-2.675942127008944516e-01
1.621621691128962928e+00,7.153912638518933331e-01
1.475875896208833415e+00,1.882559633835058088e-01
1.143193044727764285e+00,-2.098002533105169931e-01
1.311894099925764667e+00,1.791632624878488622e-01
7.687304248775291837e-01,-4.701895419436359913e-01
9.558405440031036981e-01,-5.358936914751402103e-01
4.710442509519118803e-01,-2.210923751498266032e-01
9.998609288336767209e-01,5.813653624646908380e-01
1.424232019215444067e+00,1.504276376035806884e-02
1.087594627679814518e+00,-3.249575743090311608e-01
4.502265939849612875e-01,7.204026001106411670e-01
1.494327987854647155e+00,5.055457434672958605e-01
1.356980151292646042e+00,-2.832416915161181103e-01
3.060324630414754665e-01,7.553571923647879327e-01
1.457322521671930549e+00,7.797617565286252272e-01
1.547866727964545719e+00,-1.461437860067551497e-01
1.018569345163895079e+00,2.494769646215595493e-01
8.178907184896873073e-01,-1.509548824780351239e-01
3.752186377198168388e-01,-3.882430308150862652e-01
1.492413967461611923e+00,-6.677557184002108626e-01
2.554882960967133632e-01,-3.782234462114688611e-01
7.652300438891301848e-01,-3.656322343844076173e-01
7.416028098918772127e-01,-1.621774725069767831e-01
1.618018492655945550e+00,-5.041823503595062039e-01
9.239366018117793899e-01,7.261094453031622376e-01
1.582986307605934950e+00,-6.353921833901479133e-01
3.839428520709174397e-01,2.003336530220825029e-01
1.519118226217442524e+00,-9.328417912604702877e-02
1.168567531890500888e+00,-1.223711216374512301e-01
1.056878622969393611e+00,-2.048131473211528553e-01
7.089337445624008804e-01,5.893035362759133644e-01
9.855539157038406550e-01,-3.512368309651044962e-01
6.601817220664856212e-01,-7.670781481702028115e-01
9.337269352481367690e-01,6.689552255345707632e-01
1.403225412680365825e+00,5.831684441177686917e-01
1.188235721132208766e+00,-3.569571359263953858e-01
1.270801669735974526e+00,3.758007732002943690e-02
1.588325140690946879e+00,-6.254588843770927387e-01
3.294090215693273316e-01,-6.505166899822788507e-01
5.484145564165145981e-01,5.399457734939345777e-01
1.336290910723468395e+00,-1.435748518892271397e-01
8.623535655592556859e-01,2.587464643236914164e-01
1.225319869350589119e+00,7.091208935634445432e-01
1.596647668115701135e+00,-4.077910535016604499e-01
1.354005139924669754e+00,-7.789442699346218468e-01
1.649675910871244433e+00,-7.613625507459641506e-01
4.779124072169562143e-01,3.350171078450752127e-01
1.384943945518858355e+00,6.792830156695650601e-01
1.303940516407987138e+00,-5.227156317940639951e-02
2.613291073575076950e-01,-1.998253630439700279e-01
3.144630991967132250e-01,6.857667948384682521e-02
3.006543791246599762e-01,5.742669401303053256e-01
1.041426096986856509e+00,2.434461980687063765e-01
1.414764698663427467e+00,-4.272321653086299520e-01
8.580363995475583927e-01,4.393283272329178146e-01
2.548448327403348146e-01,-5.846184042616480170e-01
5.123420340206545909e-01,-5.351040468340594325e-01
1.672757363043007039e+00,1.802916524943833920e-01
6.169936689903999794e-01,-4.179465501717901654e-01
1.530078410706732672e+00,3.276456760888488695e-01
8.055814037026937102e-01,-2.407703561728693487e-01
1.031945242692775544e+00,-3.561216639881834567e-01
9.845987790612951152e-01,7.982694495564761628e-01
4.517211309413416420e-01,-7.350142007064648375e-01
7.992445460218795539e-01,2.333160346929794571e-01
1.749466376217288843e+00,-7.380806639804090574e-01
1.096189761447590616e+00,4.163364126704065526e-01
9.478528984228095089e-01,-4.318560680027346277e-01
1.073715236449541477e+00,-6.562690126842176674e-01
6.445136102925379529e-01,2.375195390544764251e-01
1.099549322309253618e+00,3.721619476686854888e-01
1.342479798911606181e+00,2.849525038701501423e-01
4.085259017432835704e-01,-7.169584845852684518e-01
6.676744933733536058e-01,-3.291088871133501792e-01
5.633834270390727372e-01,-7.825864604819998682e-02
1.367318847483077748e+00,-3.406347364392056654e-01
1.653499866591514378e+00,4.968215300325933281e-01
8.870307952394679285e-01,-5.902158317556850387e-01
1.199868901847676916e+00,1.794869787049468979e-01
2.968182404385804052e-01,7.811439098039256734e-01
4.472314150672466737e-01,6.440904617581901803e-01
8.266758455352550827e-01,-4.445487000238422803e-01
1.246588096805656853e+00,-7.998689798181317645e-01
1.210492757846491463e+00,7.689557472991823683e-01
5.382347387502068869e-01,6.123407755158041255e-01
4.493442571064100166e-01,6.711559461241802804e-01
1.657107470222799250e+00,-1.351943186597865942e-01
7.830395799106399934e-01,3.913847394507696809e-01
9.406480271262716020e-01,-4.594696022893615117e-01
3.930395783466229531e-01,-1.723134862657159649e-01
1.615352089490243559e+00,5.624768822194805562e-01
1.252027696628865927e+00,-5.958204412511668435e-01
1.014956442228879041e+00,6.301845885978225592e-01
8.968986089769479531e-01,-5.587244199819041413e-03
3.271982675917609606e-01,-1.182469514038808622e-01
5.714413121317152289e-01,-3.109657790510105824e-01
1.534118796127531548e+00,6.669580564364419040e-01
1.183306619179199437e+00,2.819753721806250724e-02
5.408126804174295810e-01,4.864421893335644231e-01
5.338048263509538316e-01,5.722428596496518249e-01
7.751882688123284959e-01,6.758117673464589803e-01
1.172944807496031583e+00,-3.145908255470781234e-01
1.063622889526947279e+00,-2.563026335290485846e-01
1.040552312817053737e+00,1.521182021561837683e-01
1.553396199717304693e+00,-9.388138326484618545e-02
1.541877184936229606e+00,6.925480521915872156e-01
1.517797754206685390e+00,-1.638975173864217760e-01
1.303677525639190815e+00,-3.555512259966353561e-02
8.386753202737694535e-01,1.874977416852287027e-01
6.540164051730678052e-01,-1.524168224420039408e-01
1.683538959261473122e+00,7.879654974801704181e-01
3.179274442807539791e-01,-6.418379447056218323e-01
1.177574609941413941e+00,-4.470346915084763006e-01
1.519186183650027999e+00,-2.837517902021596816e-01
6.578693649440083835e-01,-5.636434501766077743e-01
1.718119107592704031e+00,-3.452492247495113631e-01
1.578885957913075622e+00,4.467924685751685221e-01
5.489921327449526212e-01,3.662720141634845383e-02
6.554639754000085583e-01,-7.456741821948480453e-01
1.595954365163194444e+00,7.721961362995022338e-01
4.138776900817442983e-01,1.856103641066348953e-01
5.327157574325447342e-01,-7.056968342351664925e-01
1.162824113727430886e+00,2.578700348751687965e-01
4.705215175454181553e-01,-1.946090068876257240e-01
1.108817756347548755e+00,-5.829227245998844786e-01
1.113317819822734256e+00,1.018633486387084952e-01
1.144531600970267515e+00,3.633279208053283860e-01
6.260520867629288944e-01,2.738025671521948645e-01
1.481621300139560837e+00,-4.039789543994297683e-01
1.705665433275000087e+00,3.978595432465237280e-02
6.668290337103541798e-01,6.026151051339090348e-02
1.548239978753896740e+00,3.468853826112590077e-01
6.895780597034064652e-01,-2.242122416942928798e-01
7.733906708929205731e-01,4.763721523055026719e-01
1.428165169382463295e+00,2.046749582329598915e-01
4.559951473209019057e-01,-7.386694287703381434e-01
3.427113594011446662e-01,7.436643467053583034e-02
8.299489003272897403e-01,5.790593526908318633e-01
4.445248308466798748e-01,1.081186600884500582e-01
3.693291331461306948e-01,-5.186747752708879000e-01
1.133092030323367805e+00,1.660219255613437639e-02
5.259621181453111305e-01,4.111133384468819152e-01
7.013519342314926686e-01,-6.238316856873592497e-01
1.343632849859325740e+00,5.073585259843811368e-01
3.894935829213128642e-01,-5.320293741391022291e-01
1.740952351720999491e+00,5.452238754570315482e-02
7.131350020667336365e-01,-1.828104281012519206e-01
1.068443877774148065e+00,-4.022019719818308303e-01
1.437774222105681066e+00,2.358920208139716479e-01
6.055097460337417470e-01,-7.401726259640970529e-01
7.617456351236059353e-01,4.160732907898321287e-01
5.594031507012980908e-01,4.310502197499344046e-02
8.178674676357389206e-01,6.012339368701646869e-01
1.352405008747835424e+00,3.314931187415981473e-02
1.321640340714246076e+00,-7.439469303455230609e-01
5.230287680472149869e-01,-5.702384497885728543e-01
9.653859431051060591e-01,4.729673418253237394e-01
1.282310149992996084e+00,-1.283832182728306126e-02
1.357224841783063685e+00,-9.299316565462623085e-02
1.204055457750794700e+00,-2.905043497960104748e-01
5.422340682953828983e-01,-3.447212827725913420e-01
1.552118583114289629e+00,7.454180999836061972e-01
6.826716612066203727e-01,-1.072490707465159065e-01
8.048827045025459537e-01,6.144048522800271694e-01
1.087746702894846873e+00,2.370609971292387819e-01
1.539067757370835121e+00,5.734842340378558667e-01
1.224475468099229580e+00,5.639192716383802928e-01
1.302531556718369510e+00,7.300992444635223677e-01
5.745524195303375325e-01,3.167075779249504119e-01
7.788427362199815684e-01,4.886350966309860322e-01
4.553401270623381181e-01,3.730046326441303073e-01
1.355355124461231187e+00,1.683629375132488226e-01
1.673136709841325453e+00,3.477666142267707983e-01
1.352302392230312122e+00,3.452006582797326750e-01
4.370180740547922049e-01,-7.345475311419238373e-01
1.290048028541832315e+00,2.577733685040395351e-02
8.998377866881421827e-01,4.682421771623592743e-01
3.881712729978045728e-01,-4.112605015839936318e-01
1.749211259945271824e+00,-5.576322164157843098e-02
1.336187936106101537e+00,-1.040228624633678933e-01
1.183656953885083407e+00,-1.555405291452096606e-01
1.559646810053237687e+00,-6.050567555721416690e-01
7.380116417211106672e-01,4.113846603223658693e-02
1.250267635475823980e+00,-8.600261556746957581e-02
9.524206486993006537e-01,2.614284116442251449e-01
4.359246515953270618e-01,7.906089405192262554e-02
1.061604570581745399e+00,-7.559313125565548797e-01
1.197864231581450500e+00,-7.489312198307978008e-01
9.598748558054862601e-01,3.221756816291723169e-01
4.379073355654651833e-01,3.321297896949695350e-01
3.629247621701708892e-01,7.359026139591469118e-01
1.247257697137386323e+00,6.027274904060981875e-01
1.506862245984309290e+00,-5.110453218039057166e-02
1.636141068129963294e+00,2.014504186962702281e-01
8.322787803904707626e-01,-6.850923568597444557e-02
1.657473752069638540e+00,-4.432860213315953368e-01
1.479705208146527839e+00,-1.973168043898516633e-01
8.860625025449759828e-01,-6.337852280565341445e-01
8.594800493063081692e-01,2.664433903919880553e-01
7.502182039988342099e-01,-4.927517700576519721e-01
3.536749090572495757e-01,-3.925154001421393701e-02
2.645892038477958286e-01,7.478985648342040271e-01
6.182479952322799122e-01,-7.493297109630603359e-01
6.319260235690287164e-01,-5.572320799100606292e-01
1.344491568869068399e+00,-3.222733050052511428e-01
4.860560159919903866e-01,7.068911430660071993e-01
1.288632450954909636e+00,6.541468738053290988e-01
1.345502949932611658e+00,-5.407986547008629685e-01
9.395757413664298507e-01,7.697884372439645073e-01
4.264802565811920410e-01,4.011960402070735565e-01
1.329264417942440879e+00,6.396333269215637163e-02
1.620470876930266479e+00,6.907246127383774859e-01
7.992691812657265471e-01,6.089714274825488438e-01
1.388109665953039418e+00,-1.738936119723885065e-01
1.362878076950591044e+00,2.501491135670907973e-01
3.310632512794171589e-01,2.358162329173496552e-01
3.335614983899288233e-01,-2.768509026832566278e-01
1.264926611330109196e+00,-5.129757205525345976e-01
1.496361499623521496e+00,-5.310419606083416344e-02
1.630842854976277678e+00,-3.787503419093454227e-01
4.624946848861162252e-01,-2.318957978137560216e-01
1.125085312290399431e+00,7.266303502375355272e-01
6.730796309833535496e-01,-6.217940714852898676e-02
5.840513006245220406e-01,2.958263447625437692e-01
1.357582828793019392e+00,-2.620321683717536931e-01
8.697878174831613629e-01,7.933777255212353108e-01
9.065381630030476812e-01,2.540281696666675249e-01
1.516601891509922861e+00,-4.863848548070658362e-01
6.080271172156817006e-01,-6.429056022056528485e-01
1.042513566609604148e+00,7.090889138833327277e-01
1.491565570957283038e+00,7.116445315370041325e-01
4.478332048956156219e-01,1.941254006846898639e-01
1.144274457205235684e+00,-7.728136010460109340e-01
1.505785131198431381e+00,-4.391441851576193267e-01
1.396698313765179167e+00,4.820428545896413564e-01
1.576723165555939721e+00,6.007357269008595235e-01
2.988462985023523921e-01,-7.361629693975402233e-02
1.287184217966270472e+00,-2.151670107560887946e-01
5.559047615598297076e-01,-3.612399816671276742e-01
1.085528092119506960e+00,-6.128471779738000613e-01
1.412168348142133212e+00,-6.148087424814449031e-01
8.802871976312105495e-01,7.241643174527423454e-01
1.306305566053732603e+00,4.938017835608004003e-01
1.510616047039280874e+00,-5.363530230568112067e-01
1.668578034796517118e+00,-4.687199201857071285e-01
1.067639657776454420e+00,2.488824810566829804e-01
7.241498957502201517e-01,4.234627442938092567e-01
8.350392300199397377e-01,4.965037524167161820e-01
1.548395401185112430e+00,-5.386596938617873587e-01
6.104749460136970063e-01,7.746052608379156990e-01
1.574896600800385515e+00,-4.355166946959576624e-01
3.367543652832001855e-01,1.430646930091157287e-01
1.706988247513239854e+00,1.401852085100960821e-01
4.286608347390472584e-01,7.477790170282883064e-01
1.575083584748720567e+00,2.522679089202528591e-01
1.061157517097940595e+00,1.358468261143930267e-01
1.091991621525742140e+00,3.003612586236281690e-02
1.720983931070637407e+00,4.234520609560481486e-01
1.677043165023393900e+00,-6.303115830597999514e-01
1.447912219774832199e+00,-7.966529581068361177e-01
1.227375171565006085e+00,7.239821884631418847e-01
1.266552080070482367e+00,-2.147712799702938824e-03
4.502027920702759145e-01,-2.746633938633747940e-01
9.511079911809563470e-01,-2.111147838670309751e-01
8.937487008274898059e-01,4.861493057902814829e-01
4.028636874546058788e-01,-1.882076601299973451e-01
2.669926562854681440e-01,4.322706783899086247e-01
2.744024614612962654e-01,-9.526079665943354424e-02
1.356199865206614952e+00,5.505239404007062909e-01
9.211840183250745717e-01,-6.780734975210361837e-01
9.858619263822820944e-01,-3.019467587178181756e-02
6.303349144847600893e-01,-5.304046365857806311e-02
1.061257499380783953e+00,-3.770752331007074520e-01
4.408105880549429423e-01,7.097835919114519054e-01
4.953245882545815326e-01,6.480455325744811645e-01
1.476466049702701566e+00,-9.024591688654803878e-02
2.911440296220056401e-01,-6.445446308552492676e-01
1.624020268495080632e+00,-4.691469617652648805e-01
7.572818862139492069e-01,-3.656130616584667425e-01
1.648237584484443685e+00,-2.524836236569727443e-02
3.455481964742996848e-01,-2.585966220500349744e-01
7.190501318378934581e-01,4.386177116807732368e-01
1.139753415226227862e+00,-3.835742778386619367e-02
1.656707262353044108e+00,5.925928071095256655e-01
3.850053004962645242e-01,7.932508002164488925e-01
1.463789567816013104e+00,-4.482624799979404995e-01
1.169535881954724799e+00,1.786742034801644952e-01
1.210012081675335249e+00,5.560036968450294825e-01
1.738463651956513978e+00,7.123786159121348049e-01
7.316242210885679498e-01,-3.358617199225911176e-01
7.902819568298934394e-01,3.632683903142073234e-01
1.053780812862777694e+00,-7.759741625326468384e-01
1.187625772251819534e+00,6.066279014232536237e-01
7.176191796430890779e-01,-6.976983214166273539e-01
1.309485303760653974e+00,3.734326378717105488e-01
3.731868986845982006e-01,7.913766189882547319e-01
5.422071775726686749e-01,1.903649268286899954e-03
2.698777914745959516e-01,-4.650656148266089085e-01
1.374430168305785349e+00,1.514297326184396164e-01
1.671847157032622322e+00,1.986399675806251874e-01
1.403066502794412695e+00,2.689163797258353750e-01
5.093066713800282752e-01,-5.238212125233583372e-01
6.757867944840869612e-01,6.379403078918528536e-01
1.256767417332286030e+00,1.935861880007656577e-01
7.141699364053211152e-01,-7.302900727156210747e-01
8.602276847455917475e-01,2.944657035312099325e-01
6.337059477567659194e-01,-4.862655253936001287e-01
1.051340128067053792e+00,-7.562547498888728681e-01
1.554214436592542770e+00,8.152524037320874051e-02
6.095392455706579726e-01,5.013018217295943657e-01
1.044305849739164849e+00,5.759058372522349867e-01
1.247505473660156960e+00,-6.343665197613477247e-01
2.598637379772139044e-01,2.608684570935619895e-01
6.294591427171378761e-01,3.361203591327519558e-01
1.100901133708454216e+00,-3.287728094856168792e-01
1.487799257099013062e+00,7.541823978956057051e-01
5.919422156038799399e-01,-3.541000478911250915e-01
1.598271604481951602e+00,-6.880284969841925502e-01
1.486848182532488627e+00,3.084857782852223895e-02
8.411121942467982837e-01,3.109038178821725840e-01
1.470212404865161471e+00,-4.085443406997839588e-01
1.523872861430008552e+00,-2.582684764320689608e-01
6.724903332961089664e-01,1.018047728505114824e-01
4.227269959006628719e-01,6.186850652632163161e-01
4.013782785618504878e-01,3.957214494998630983e-01
1.571125199711666198e+00,-4.646528654163509242e-01
9.916033228585847681e-01,-3.971566868462352295e-01
1.257178953050317460e+00,3.820910266798960286e-02
8.350868867880315571e-01,4.303339119437825655e-01
1.420378248807243171e+00,1.900188451083790753e-01
1.486319781357562153e+00,2.118826081465186029e-03
1.588803564809913027e+00,1.554005437443874982e-01
1.212654719213642096e+00,4.096960466074570650e-01
1.588180605284965408e+00,5.932767008055050972e-02
1.550279654275540153e+00,6.364043907264593791e-01
6.574655927230956820e-01,7.153079847844450168e-01
1.132821826721710279e+00,6.645672106007867175e-01
6.432380884115624919e-01,4.072293440960350619e-01
1.206728735994974322e+00,-4.058863936140435502e-01
1.595721277290079065e+00,-1.835656863857797472e-01
9.747094031381722257e-01,-3.520000782938389472e-01
1.486840254945126061e+00,2.522563856945676530e-01
2.756567924328363617e-01,-2.812454008933026328e-01
1.550715140727919827e+00,4.070265678469378035e-01
1.666304745750329719e+00,-6.183854745451482504e-01
7.201096262152494321e-01,4.405836205483066870e-01
1.314468268945167440e+00,1.374431594453365824e-01
1.478846407591756229e+00,5.366218994344003068e-01
4.364019531247890216e-01,-1.105989565908609418e-01
8.716688978358499984e-01,1.999431251341654558e-01
5.598751100111052370e-01,8.705941050482268739e-02
1.369838346515464433e+00,7.610740261649302507e-01
8.588722411005068613e-01,4.087590262689759779e-01
2.502039132208115357e-01,7.170119905218652612e-02
6.439504948182228627e-01,-5.215486551380474900e-01
5.549536747241852197e-01,6.465827469602132282e-01
3.621523718490258226e-01,-4.706595477067037070e-01
1.046225780427346486e+00,2.400692108642508149e-01
7.554172745115417253e-01,6.983549647595110876e-01
5.783970986089557176e-01,-4.422725916612936792e-01
1.654999748479562438e+00,-4.385223348217355266e-01
7.356671905810201473e-01,5.629102566752395287e-01
4.415538705986483126e-01,5.242480415502155378e-01
1.034767481541445822e+00,-2.372746352356726041e-01
1.588504242381874487e+00,-3.758459381090482054e-01
1.416936738741463753e+00,-5.961784443811798395e-01
4.722838242888428018e-01,7.806977649602309111e-01
6.984708027461790092e-01,5.365489614084262282e-01
6.057529544818438527e-01,6.390265679024589307e-01
1.641453993298234160e+00,2.188692161665140024e-02
6.689301168363073202e-01,-6.169842683419617391e-01
5.040726894132815383e-01,-7.158714584795051739e-01
9.326757391190668711e-01,-2.710686354960810673e-01
1.167671617115335181e+00,6.725286927789440039e-01
4.877683466456043671e-01,7.161309362199153039e-01
2.867659078849247867e-01,5.458621852306175803e-01
3.921475242805961825e-01,-5.461133704471349271e-01
1.226421599823654507e+00,-1.281229262222733922e-01
4.951725365923670963e-01,-4.060113300797981717e-01
6.382651303375080909e-01,-4.714403604346156240e-01
1.263578122564693818e+00,2.957213601770396494e-01
1.557043154405566510e+00,-2.222133164837347685e-02
1.679007581172630381e+00,-2.801445680386788206e-01
8.253741917571491005e-01,-6.396568602642853651e-01
5.895572082106985690e-01,7.162139358660690736e-02
1.358698411246566096e+00,-2.447597550929648813e-01
1.318635863027053379e+00,-1.742467101592648504e-01
1.711633880122857221e+00,-3.031860131284700444e-01
3.968320529688474374e-01,-1.804876721287724806e-01
1.567216523043811538e+00,8.937533532436137129e-02
5.134903606227021466e-01,-7.773699110447312988e-01
1.371003092485548969e+00,5.562351923575641344e-01
1.743137945877452522e+00,6.750717786062496728e-01
5.976676642131184547e-01,8.084750473392487979e-02
1.363269693475766875e+00,-3.711662131446141766e-01
1.411236285418216108e+00,7.843824003425263758e-01
6.714390508769094712e-01,-1.868895519897305624e-01
1.631845707058097172e+00,3.098486308647951937e-01
3.544960096353063084e-01,3.039240755921110981e-01
5.933199390561240127e-01,-1.051054965453280809e-01
6.918691056644488135e-01,-4.813469482665239108e-01
3.850801578900070465e-01,7.465270014198264192e-01
6.178782765433870061e-01,-6.980946250882068549e-01
1.430745084678654244e+00,-2.376097948312527741e-02
6.508503153342570791e-01,-4.468308643355531351e-01
1.009923557054916765e+00,-3.296413884355017254e-01
4.530308638423592993e-01,5.256437155112489990e-01
1.137530655513130151e+00,-2.123750992273318872e-01
1.166305523213476025e+00,-6.666427684658433606e-01
5.773913059239831336e-01,-4.859055918048236222e-01
3.619769084871491405e-01,5.765974564242899447e-01
1.302677073984271905e+00,7.632461600962723303e-01
1.200154427418656855e+00,-3.712285430138020925e-01
9.733752144614860047e-01,2.806543803251029257e-01
1.593133871396150480e+00,-6.700816040003347851e-01
1.715904063069385144e+00,3.575449469301572591e-01
1.348591198214816878e+00,-1.337014201592653384e-01
1.693410037486101194e+00,6.690558692606269897e-01
4.707169140746440550e-01,-3.015421280746553023e-01
4.893185627129442161e-01,7.063471958488400926e-01
1.748600406974092136e+00,5.195883332007378286e-03
8.148075027301708850e-01,-2.417713215460012277e-01
1.089190146950105520e+00,2.352313522187337025e-01
1.667098320334227779e+00,-4.004060747021983002e-01
1.155962099317327629e+00,-4.323782442407758109e-01
1.555062458028792616e+00,-4.858456886003814645e-01
1.310944625289276022e+00,7.358393021212967788e-01
1.533815346989131800e+00,-1.133803581028247631e-02
9.554456312348746927e-01,4.025839405839892748e-01
1.674070340404502977e+00,-4.161298987094141921e-02
4.378917525975473124e-01,1.400642561073871528e-01
1.461506710438568390e+00,1.346223698175978978e-01
6.029383383116899697e-01,7.678180926678204177e-01
1.178221139774814574e+00,2.694929986865950422e-01
1.414393332552025928e+00,-4.163688454856954713e-01
1.301501396719711989e+00,-7.756837453379601399e-01
9.094083819117748657e-01,-4.501085765204594913e-01
1.645522303556013810e+00,-7.116857232326923022e-02
4.927439648685075224e-01,-1.705274612376308507e-01
1.330012369689880236e+00,4.997219829061587681e-01
6.297706678870740316e-01,4.568908080020039897e-01
1.281946399595666142e+00,-6.574464513385344100e-01
5.359320819159494320e-01,7.232171599507102311e-01
3.216715070097413975e-01,4.393068381300424541e-02
1.427188560085558722e+00,1.542463405757015238e-01
1.476169382664186180e+00,-1.519091659082650869e-01
4.936447588251891561e-01,2.392015291128060106e-01
1.460649308633424681e+00,5.941220855991440342e-01
7.420630618929895395e-01,2.782975469111990119e-01
1.106721112768898285e+00,7.521576701112044905e-01
1.152823021959779259e+00,3.217955994592318625e-01
1.620448616415267828e+00,5.147531783135623762e-01
1.105345781006579209e+00,-7.279366658898649423e-01
1.553434761044877099e+00,2.763176223960805977e-01
8.822804240252147823e-01,2.476042311262660611e-01
1.229758465294336967e+00,-6.372063184294021188e-01
5.371991257206458759e-01,5.478199937017762533e-01
1.318321456885071186e+00,1.826758462418091034e-01
1.641631863906143796e+00,-6.426750553841072966e-01
8.907645542323618937e-01,1.511473899562936207e-01
1.220934320352876856e+00,-3.453464267364103613e-02
1.066446960258334187e+00,-4.267302881795114189e-01
2.717513510699540169e-01,-7.683902550725266734e-01
1.611674437225599776e+00,-2.150923501027811602e-01
1.463935510865036482e+00,1.917617239521218764e-01
8.732271446631731937e-01,-2.731533864203316009e-01
3.864524446870277741e-01,-3.083925559750845813e-01
7.773930111619778982e-01,4.017939873978388921e-01
1.038462726321557561e+00,4.137994360893006984e-01
6.162600449885231590e-01,3.500253367666803506e-01
1.498757637834660983e+00,-6.381088734316979760e-01
6.932155473113699173e-01,2.586553115510947798e-02
5.573997855580106187e-01,9.247785658434948264e-02
5.092960068535272722e-01,3.916872431046305447e-01
1.339404387115040285e+00,6.450843556173877502e-01
1.069934029692428901e+00,-2.095378143390368431e-01
1.293961598429935300e+00,-1.141384442574727709e-01
6.855176569689178656e-01,3.724279878378080610e-01
8.500046284902371685e-01,2.602182698723314314e-01
1.593410909295274180e+00,9.259184146942622817e-02
7.456036897139466380e-01,-2.397765887952759689e-01
1.604423704897163461e+00,-4.874362455086263535e-01
1.699428160654182562e+00,-5.059082047875775867e-01
2.793011112630838233e-01,-6.694667352802037286e-01
9.913456376369205181e-01,-6.700786401822580451e-01
1.183084005255087501e+00,5.532771578139932256e-01
2.687520991099314749e-01,-1.861236013218281471e-01
7.752463714296435882e-01,-7.028166032824825216e-01
2.920654127582743564e-01,6.342810744563835978e-01
1.174737214000094898e+00,-4.427672410342968212e-01
9.447374536905581710e-01,-3.710009115019448078e-01
6.443724843403597635e-01,-4.888034567289189503e-01
1.416385414763605688e+00,7.480016958124691140e-01
1.064371613326789756e+00,-6.199358621307127226e-01
7.486408504466780522e-01,3.554611874634825419e-01
1.652954360386714061e+00,6.913419888702572180e-01
1.713751547618025395e+00,2.688020725156865520e-01
5.236015884395961439e-01,5.739625751242631857e-01
1.717587692452736015e+00,-4.120846369387973218e-01
1.131406028025152999e+00,2.782847657501734684e-01
1.563037648661558698e+00,3.213941439469083505e-01
6.872462893544852847e-01,-6.666797972323867949e-02
3.199116094694032797e-01,5.928729929816551891e-01
2.688776218852626521e-01,3.110177602697208332e-01
8.963966278625756789e-01,6.318044658221324550e-01
2.568232738771021317e-01,4.051269652375673047e-01
9.182221403482726529e-01,3.246467410159614708e-02
1.365955370970757699e+00,-2.098854406970884767e-03
1.252501378223872308e+00,-7.403579727991904669e-02
1.347933246899058135e+00,-7.653650194350947178e-01
1.141871317271413000e+00,5.622624002434672974e-02
1.680984721083180755e+00,-1.232428260571778456e-01
6.101540042562656474e-01,-5.479462462357815866e-01
1.605739762588306530e+00,-6.094884825809109286e-01
1.722593079916449499e+00,-8.103699469814173995e-02
2.553221055446858179e-01,-7.361391143260007652e-01
8.967066789477906585e-01,7.785278225607252800e-01
1.264108316571352697e+00,-1.950065099089222098e-01
1.171803326019529301e+00,-1.886252912781894997e-01
1.733865532742485671e+00,-7.181979191413012664e-01
1.240552123296701392e+00,-1.173242656757782498e-01
1.176169277547355119e+00,-7.748073002988132840e-01
1.639493979571983173e+00,-7.518501866674736078e-01
1.603171648984136333e+00,-2.574412269401525899e-01
1.501278895264788193e+00,5.135503163934040938e-01
8.610620201146809150e-01,-6.588627210784570032e-02
1.296247302466521312e+00,-7.762550732704197598e-01
1.683999839636258544e+00,-5.388479492966802287e-01
6.098290776989752082e-01,3.838763551228767668e-01
9.819718509519579364e-01,3.812699794315488333e-01
1.386356779909391435e+00,4.072366502478614869e-01
1.146648108764150686e+00,-2.373289981063436693e-01
1.425622125800852791e+00,-2.363568847376346094e-01
6.460156732931907619e-01,4.833210672623728943e-01
4.462381618753934465e-01,-1.629793832173358492e-01
9.568189276355120176e-01,3.635056080969010228e-01
1.247221905699777755e+00,1.297968142098880895e-01
1.146319614390787001e+00,-2.170533126804653490e-01
1.166013217820133896e+00,-6.719895679917935460e-01
3.889927994699664549e-01,-6.141993976426226576e-01
9.869781870492131404e-01,6.232939572942466366e-01
5.536975526734275732e-01,-7.625518396418429212e-02
1.316017069606443046e+00,7.904072622950966132e-01
1.087628751504708280e+00,-2.177648824103910474e-01
1.151166328236256087e+00,-4.000731125281076217e-01
1.143350342381471485e+00,-2.391370883024196425e-01
7.093202183036464437e-01,-2.510622448576118604e-01
3.750538299142417986e-01,2.197707706071434508e-01
8.696335962626424720e-01,-7.796198981057502753e-01
6.966121208416469202e-01,4.212298196274426587e-01
1.104561233641412121e+00,-1.337365996847278415e-01
5.847066225651024185e-01,-1.084172901285569424e-01
5.855526959744488114e-01,-3.021597579082135887e-02
7.377339860151790329e-01,-8.126008192605083114e-02
5.099867394147414856e-01,-4.046561503367795964e-03
8.530161416987389611e-01,-2.465531034279605516e-01
1.486025801294410975e+00,-7.464618097555608678e-02
1.528006576279979933e+00,-1.525578629104564765e-01
4.123705893663476285e-01,2.918834876332598860e-02
7.460952116248892318e-01,1.972305357698044270e-01
1.169818127668836194e+00,-4.143350284519600746e-01
5.904227585501486963e-01,1.349943809303100206e-02
1.629215364176850978e+00,1.513950707374462912e-01
1.309950055067136798e+00,-7.728826966558314249e-01
5.804349085111608630e-01,3.278998185164527790e-02
4.100242270708633341e-01,-4.171308063574710179e-01
3.606637860589122502e-01,-1.527383232885638487e-01
5.319611171804459193e-01,5.224482597718127508e-01
8.433218228760452906e-01,-2.780230451832604865e-01
1.376182969340850493e+00,-2.685292200140465546e-02
4.614984222360283828e-01,-7.604141541438154128e-01
3.046933135784491986e-01,-3.059985949356474055e-01
1.587550862309652810e+00,2.235537489377310560e-01
7.530632879671865787e-01,-2.957411607049476032e-01
7.455424032161946934e-01,-4.707239901091254675e-01
1.037661118057880749e+00,-3.349509121765598119e-01
8.797445941801185221e-01,7.270052908943092085e-01
6.928451876389312147e-01,-6.611170843963549704e-01
1.323368981077795770e+00,-5.862757828045661590e-02
1.438252901222017766e+00,-7.065809541462008125e-01
1.489419508578334161e+00,6.185318606211076542e-02
1.405045414839232176e+00,-5.663428208248837414e-01
1.285641719958691365e+00,2.145356883954778748e-01
5.395185346317711295e-01,-3.769640600158061239e-01
1.347475585888180394e+00,3.054646222756201013e-01
6.620670726956787711e-01,-2.445663045300335847e-01
1.332726284699486730e+00,-7.933304182278784200e-01
3.967943546059202742e-01,-3.281684655708081988e-01
